Ward,Old Ward Code,Local Authority,ward_name,Geography,2010-14;Male;Life expectancy at birth,2010-14;Female;Life expectancy at birth,Median monthly houshold income,Employment rate 2011 (16-64),well-being scores,percent_green,access_to_open_space
E05000026,00ABFX,Barking and Dagenham,Abbey,Ward,80,83.6,33920,60.3,7.789196612,27.83831348,70.7
E05000026,00ABFX,Barking and Dagenham,Abbey,Ward,80,83.6,33920,60.3,7.789196612,27.83831348,75.56
E05000026,00ABFX,Barking and Dagenham,Abbey,Ward,80,83.6,33920,60.3,7.789196612,25.96143903,70.7
E05000026,00ABFX,Barking and Dagenham,Abbey,Ward,80,83.6,33920,60.3,7.789196612,25.96143903,75.56
E05000027,00ABFY,Barking and Dagenham,Alibon,Ward,77,81.4,32470,63.1,7.553030303,45.93713283,8.01
E05000028,00ABFZ,Barking and Dagenham,Becontree,Ward,79,79.2,33000,61.2,7.551140718,36.07570488,39.17
E05000029,00ABGA,Barking and Dagenham,Chadwell Heath,Ward,79.1,82.7,33920,63.6,7.551140718,62.01249888,63.11
E05000030,00ABGB,Barking and Dagenham,Eastbrook,Ward,78.3,81.3,37400,68.2,7.553030303,55.77085155,56.68
E05000031,00ABGC,Barking and Dagenham,Eastbury,Ward,78.5,85.6,32870,61.5,7.789196612,40.78223732,77.43
E05000032,00ABGD,Barking and Dagenham,Gascoigne,Ward,76.9,80.3,29480,56.4,7.789196612,25.34334729,87.33
E05000033,00ABGE,Barking and Dagenham,Goresbrook,Ward,78.5,83.1,33250,63.6,7.789196612,42.73871873,59.03
E05000034,00ABGF,Barking and Dagenham,Heath,Ward,77.1,80.6,31340,61.4,7.551140718,49.48908764,59.26
E05000035,00ABGG,Barking and Dagenham,Longbridge,Ward,78.4,86.3,40570,65.2,7.789196612,45.74628283,62.74
E05000036,00ABGH,Barking and Dagenham,Mayesbrook,Ward,77.4,84,31530,61.9,7.553030303,54.67665528,41.93
E05000037,00ABGJ,Barking and Dagenham,Parsloes,Ward,76.3,83.2,31860,61.5,7.553030303,45.74184823,55.53
E05000038,00ABGK,Barking and Dagenham,River,Ward,75.3,78.8,33490,64.2,7.553030303,18.85289455,28.9
E05000039,00ABGL,Barking and Dagenham,Thames,Ward,76.2,83.9,32580,60.5,7.789196612,22.36543627,92.47
E05000040,00ABGM,Barking and Dagenham,Valence,Ward,78,81.8,33200,63.1,7.551140718,38.5504101,86.38
E05000041,00ABGN,Barking and Dagenham,Village,Ward,75.3,81.7,31960,61.7,7.553030303,54.27852519,25.38
E05000041,00ABGN,Barking and Dagenham,Village,Ward,75.3,81.7,31960,61.7,7.553030303,54.27852519,49.58
E05000041,00ABGN,Barking and Dagenham,Village,Ward,75.3,81.7,31960,61.7,7.553030303,54.27852519,39.92
E05000041,00ABGN,Barking and Dagenham,Village,Ward,75.3,81.7,31960,61.7,7.553030303,76.35589392,25.38
E05000041,00ABGN,Barking and Dagenham,Village,Ward,75.3,81.7,31960,61.7,7.553030303,76.35589392,49.58
E05000041,00ABGN,Barking and Dagenham,Village,Ward,75.3,81.7,31960,61.7,7.553030303,76.35589392,39.92
E05000042,00ABGP,Barking and Dagenham,Whalebone,Ward,79.5,85.8,37180,67.5,7.551140718,32.23883249,29.66
E05000043,00ACFX,Barnet,Brunswick Park,Ward,83.1,84.7,39800,71.4,7.3571298,46.7592725,26.69
E05000043,00ACFX,Barnet,Brunswick Park,Ward,83.1,84.7,39800,71.4,7.3571298,46.7592725,73.93
E05000044,00ACFY,Barnet,Burnt Oak,Ward,77.3,80.8,29400,63.7,7.343684483,43.1515361,25.78
E05000045,00ACFZ,Barnet,Childs Hill,Ward,80.1,83.5,38960,67.9,7.385812172,44.21619637,0.86
E05000046,00ACGA,Barnet,Colindale,Ward,83.7,86.2,30170,61.9,7.343684483,32.0354058,32.9
E05000047,00ACGB,Barnet,Coppetts,Ward,80,82.1,38090,71.5,7.3571298,47.05911903,25.98
E05000048,00ACGC,Barnet,East Barnet,Ward,81.6,85.4,39870,71.5,7.393772861,51.89692631,46.1
E05000049,00ACGD,Barnet,East Finchley,Ward,81.9,85.4,41160,74.9,7.3571298,55.79324326,60.79
E05000050,00ACGE,Barnet,Edgware,Ward,84,87.5,38410,69,7.343684483,63.92986738,32.12
E05000050,00ACGE,Barnet,Edgware,Ward,84,87.5,38410,69,7.343684483,63.92986738,83.9
E05000050,00ACGE,Barnet,Edgware,Ward,84,87.5,38410,69,7.343684483,34.87869705,32.12
E05000050,00ACGE,Barnet,Edgware,Ward,84,87.5,38410,69,7.343684483,34.87869705,83.9
E05000051,00ACGF,Barnet,Finchley Church End,Ward,85.4,88.1,45030,72.6,7.3571298,45.28364464,49.36
E05000052,00ACGG,Barnet,Garden Suburb,Ward,85.5,88.8,53090,73.1,7.385812172,63.76092178,23.2
E05000053,00ACGH,Barnet,Golders Green,Ward,80.9,82.7,40800,66.7,7.385812172,37.56418879,22.79
E05000054,00ACGJ,Barnet,Hale,Ward,81.8,85.8,38590,70.7,7.343684483,65.82172264,16.93
E05000055,00ACGK,Barnet,Hendon,Ward,80.3,83.8,38530,66.7,7.385812172,41.59834153,44.51
E05000056,00ACGL,Barnet,High Barnet,Ward,81.8,84.4,43940,74.5,7.393772861,75.8351836,38.93
E05000057,00ACGM,Barnet,Mill Hill,Ward,83,86.4,41920,70.5,7.343684483,68.41922059,56.84
E05000058,00ACGN,Barnet,Oakleigh,Ward,81.5,85,41670,73.4,7.393772861,49.28447733,30.32
E05000059,00ACGP,Barnet,Totteridge,Ward,83.8,87,46150,71.6,7.393772861,76.31914389,38.89
E05000060,00ACGQ,Barnet,Underhill,Ward,79,83.4,37040,68.3,7.393772861,64.94410747,39.61
E05000061,00ACGR,Barnet,West Finchley,Ward,82.2,83.9,42050,74.2,7.3571298,39.47284034,27.98
E05000062,00ACGS,Barnet,West Hendon,Ward,81.4,87,35090,67.2,7.385812172,42.01033756,44.96
E05000063,00ACGT,Barnet,Woodhouse,Ward,82.2,84.3,38220,72,7.3571298,42.75730216,20.23
E05000064,00ADGA,Bexley,Barnehurst,Ward,79.8,84.7,38200,75.8,7.843968702,42.07999468,32.93
E05000065,00ADGB,Bexley,Belvedere,Ward,78.4,86.8,33510,70.4,7.822060383,37.42498997,61.23
E05000066,00ADGC,Bexley,Blackfen and Lamorbey,Ward,82.5,87.7,40780,77.3,7.835642035,,70.99
E05000067,00ADGD,Bexley,Blendon and Penhill,Ward,83.5,86.3,40340,78.2,7.835642035,,41.17
E05000068,00ADGE,Bexley,Brampton,Ward,82.8,86.6,40790,76.6,7.843968702,,10.78
E05000069,00ADGF,Bexley,Christchurch,Ward,81,83.4,40190,77,7.843968702,,24.45
E05000070,00ADGG,Bexley,Colyers,Ward,78.4,84.1,34450,70.2,7.822060383,,56.04
E05000071,00ADGH,Bexley,Crayford,Ward,80.5,83.8,34900,73.2,7.835642035,43.41898176,86.35
E05000072,00ADGJ,Bexley,Cray Meadows,Ward,79.6,83.2,35530,71.4,7.835642035,,56.47
E05000073,00ADGK,Bexley,Danson Park,Ward,80.8,83.5,38580,75,7.843968702,,0
E05000074,00ADGL,Bexley,East Wickham,Ward,81.6,84.7,36260,73.5,7.843968702,38.27691077,43.98
E05000075,00ADGM,Bexley,Erith,Ward,79.4,85,33160,67.6,7.822060383,28.31282809,78.32
E05000076,00ADGN,Bexley,Falconwood and Welling,Ward,81,86.8,39000,76.2,7.843968702,,6.16
E05000077,00ADGP,Bexley,Lesnes Abbey,Ward,80.6,82.9,35630,69.7,7.822060383,,44.87
E05000078,00ADGQ,Bexley,Longlands,Ward,80.9,82.8,40880,75.4,7.835642035,41.92810918,54.87
E05000079,00ADGR,Bexley,North End,Ward,75.7,83.6,29930,63.3,7.822060383,16.85231275,47.43
E05000079,00ADGR,Bexley,North End,Ward,75.7,83.6,29930,63.3,7.822060383,16.85231275,33.47
E05000080,00ADGS,Bexley,Northumberland Heath,Ward,80.9,87.8,37130,73.6,7.822060383,26.63003059,85.06
E05000081,00ADGT,Bexley,St Marys,Ward,81.5,88.9,44010,77.3,7.835642035,,
E05000082,00ADGU,Bexley,St Michaels,Ward,81.9,86.5,38510,75.9,7.843968702,,
E05000083,00ADGW,Bexley,Sidcup,Ward,80,83,41220,74,7.835642035,42.61754469,45.87
E05000084,00ADGX,Bexley,Thamesmead East,Ward,79.3,83.4,32100,62.6,7.822060383,42.60784933,73.17
E05000085,00AEGJ,Brent,Alperton,Ward,82,85.8,31250,67.4,7.370893963,29.27924485,56.59
E05000086,00AEGK,Brent,Barnhill,Ward,77.8,81.2,34630,64.2,7.375101879,54.39248194,15.14
E05000086,00AEGK,Brent,Barnhill,Ward,77.8,81.2,34630,64.2,7.375101879,54.39248194,15.44
E05000086,00AEGK,Brent,Barnhill,Ward,77.8,81.2,34630,64.2,7.375101879,45.05682277,15.14
E05000086,00AEGK,Brent,Barnhill,Ward,77.8,81.2,34630,64.2,7.375101879,45.05682277,15.44
E05000087,00AEGL,Brent,Brondesbury Park,Ward,81.9,87.5,40020,71.8,7.635363297,47.98390103,3.76
E05000088,00AEGM,Brent,Dollis Hill,Ward,82.2,89.1,30990,61.5,7.635363297,39.27044171,0.29
E05000089,00AEGN,Brent,Dudden Hill,Ward,82.8,85.6,33470,65.9,7.375101879,32.92755511,32.76
E05000090,00AEGP,Brent,Fryent,Ward,80,83.7,35590,66.5,7.375101879,57.50020273,43.65
E05000091,00AEGQ,Brent,Harlesden,Ward,77.7,83.4,27030,59.3,7.375101879,28.04066734,18.38
E05000092,00AEGR,Brent,Kensal Green,Ward,80.1,91,34640,68.8,7.375101879,27.64780695,8.63
E05000093,00AEGS,Brent,Kenton,Ward,83.6,92.1,42190,70.3,7.370893963,46.3546621,23.86
E05000094,00AEGT,Brent,Kilburn,Ward,79.9,86.7,34270,68.9,7.635363297,27.88159528,54.56
E05000094,00AEGT,Brent,Kilburn,Ward,79.9,86.7,34270,68.9,7.635363297,27.88159528,56.37
E05000094,00AEGT,Brent,Kilburn,Ward,79.9,86.7,34270,68.9,7.635363297,31.77793553,54.56
E05000094,00AEGT,Brent,Kilburn,Ward,79.9,86.7,34270,68.9,7.635363297,31.77793553,56.37
E05000095,00AEGU,Brent,Mapesbury,Ward,79,85.3,36830,70.6,7.635363297,41.94713797,30.95
E05000096,00AEGW,Brent,Northwick Park,Ward,81,85.7,41100,67.4,7.370893963,52.07805726,20.65
E05000097,00AEGX,Brent,Preston,Ward,80.9,85.3,35960,67,7.370893963,41.78058265,0
E05000098,00AEGY,Brent,Queens Park,Ward,81.5,90.4,42880,75.8,7.635363297,39.45882155,28.6
E05000099,00AEGZ,Brent,Queensbury,Ward,80.8,83.2,35110,67.7,7.370893963,34.04846842,39.21
E05000099,00AEGZ,Brent,Queensbury,Ward,80.8,83.2,35110,67.7,7.370893963,34.04846842,55.93
E05000099,00AEGZ,Brent,Queensbury,Ward,80.8,83.2,35110,67.7,7.370893963,39.68981465,39.21
E05000099,00AEGZ,Brent,Queensbury,Ward,80.8,83.2,35110,67.7,7.370893963,39.68981465,55.93
E05000100,00AEHA,Brent,Stonebridge,Ward,76.5,81.8,25800,54.2,7.375101879,26.05886258,44.02
E05000101,00AEHB,Brent,Sudbury,Ward,78.7,84.2,33530,67.4,7.370893963,51.57240209,21.42
E05000102,00AEHC,Brent,Tokyngton,Ward,78.9,84.4,33130,67.5,7.370893963,25.88396888,52.8
E05000103,00AEHD,Brent,Welsh Harp,Ward,78.8,85.4,31620,64.9,7.375101879,39.92830219,24.07
E05000104,00AEHE,Brent,Wembley Central,Ward,81.9,85.7,31040,65.6,7.370893963,34.63035528,51.47
E05000105,00AEHF,Brent,Willesden Green,Ward,79.8,84.4,31390,68.6,7.635363297,44.71174967,40.5
E05000106,00AFGD,Bromley,Bickley,Ward,80.4,83.3,47190,76,7.82732393,49.0999734,36.17
E05000107,00AFGE,Bromley,Biggin Hill,Ward,83.4,85.9,40930,79.2,8.157906734,69.45513635,48.15
E05000108,00AFGF,Bromley,Bromley Common and Keston,Ward,81.7,85.1,40510,73.2,8.157906734,67.58689275,52.96
E05000109,00AFGG,Bromley,Bromley Town,Ward,79.4,83.7,43460,78.6,7.82732393,37.54127854,33.62
E05000110,00AFGH,Bromley,Chelsfield and Pratts Bottom,Ward,83.5,87.1,44850,77.3,7.583747282,79.65709472,67.54
E05000111,00AFGJ,Bromley,Chislehurst,Ward,81,83.5,46250,75.1,7.82732393,73.67598178,35.93
E05000112,00AFGK,Bromley,Clock House,Ward,80,85.8,41650,77.7,7.635500083,40.54623774,28.91
E05000113,00AFGL,Bromley,Copers Cope,Ward,80.1,84.4,43170,79.5,7.635500083,49.02001692,29.79
E05000114,00AFGM,Bromley,Cray Valley East,Ward,78.6,84.2,32230,69.3,7.583747282,76.54478354,70.23
E05000115,00AFGN,Bromley,Cray Valley West,Ward,78.4,84,31740,67.4,7.583747282,42.45863205,62.76
E05000116,00AFGP,Bromley,Crystal Palace,Ward,77,81.8,34060,69.5,7.635500083,56.3512647,20.89
E05000117,00AFGQ,Bromley,Darwin,Ward,81.8,83.5,42810,75,8.157906734,91.33777577,62.74
E05000118,00AFGR,Bromley,Farnborough and Crofton,Ward,83.1,88.5,44590,75.1,7.583747282,64.7217053,59.26
E05000119,00AFGS,Bromley,Hayes and Coney Hall,Ward,82.4,86.5,45660,76.3,8.157906734,73.41630272,44.74
E05000120,00AFGT,Bromley,Kelsey and Eden Park,Ward,83.2,86.9,44700,75.5,7.635500083,52.15953256,15.16
E05000121,00AFGU,Bromley,Mottingham and Chislehurst North,Ward,79.5,82.3,32330,67.9,7.82732393,54.27845789,54.81
E05000122,00AFGW,Bromley,Orpington,Ward,83,84.9,38090,72.8,7.583747282,40.03149278,60.76
E05000123,00AFGX,Bromley,Penge and Cator,Ward,80.3,84.5,36090,70.4,7.635500083,43.5446622,29.41
E05000124,00AFGY,Bromley,Petts Wood and Knoll,Ward,83.8,88.1,48530,75.4,7.583747282,51.84683699,30.06
E05000125,00AFGZ,Bromley,Plaistow and Sundridge,Ward,77.4,81.9,39460,73.5,7.82732393,60.38752637,49.48
E05000126,00AFHA,Bromley,Shortlands,Ward,86.7,88.3,48020,76.3,7.635500083,47.7063721,14.23
E05000127,00AFHB,Bromley,West Wickham,Ward,82.9,86.4,46210,76.8,8.157906734,51.33304548,23.65
E05000128,00AGGD,Camden,Belsize,Ward,84.4,88.7,52680,74.4,7.731649684,41.11160589,25.81
E05000129,00AGGE,Camden,Bloomsbury,Ward,81.6,85.8,40340,51.4,7.503482145,16.18853115,68.8
E05000130,00AGGF,Camden,Camden Town with Primrose Hill,Ward,82.4,85.5,45840,69.4,7.731649684,29.28364306,72.65
E05000131,00AGGG,Camden,Cantelowes,Ward,79.4,84.4,39060,64.3,7.731649684,34.67605005,84.48
E05000132,00AGGH,Camden,Fortune Green,Ward,84.4,87.3,46800,74.6,7.633687418,45.1165796,0.39
E05000133,00AGGJ,Camden,Frognal and Fitzjohns,Ward,85.9,88,60310,69.8,7.633687418,52.88909693,44.22
E05000134,00AGGK,Camden,Gospel Oak,Ward,80.7,87.5,39990,65.5,7.731649684,35.85223332,87.1
E05000135,00AGGL,Camden,Hampstead Town,Ward,83.6,92.1,62840,76.6,7.633687418,70.35801968,53.68
E05000136,00AGGM,Camden,Haverstock,Ward,79,85.7,35730,62.9,7.731649684,34.85709834,72.21
E05000137,00AGGN,Camden,Highgate,Ward,83,87.1,47840,70.4,7.633687418,74.59614558,53.13
E05000137,00AGGN,Camden,Highgate,Ward,83,87.1,47840,70.4,7.633687418,74.59614558,90.99
E05000137,00AGGN,Camden,Highgate,Ward,83,87.1,47840,70.4,7.633687418,66.44792645,53.13
E05000137,00AGGN,Camden,Highgate,Ward,83,87.1,47840,70.4,7.633687418,66.44792645,90.99
E05000138,00AGGP,Camden,Holborn and Covent Garden,Ward,80.8,90.5,40180,61.9,7.503482145,14.27367798,67.05
E05000139,00AGGQ,Camden,Kentish Town,Ward,77.5,81.2,41230,71.3,7.731649684,24.27639397,64.71
E05000140,00AGGR,Camden,Kilburn,Ward,76.9,80.9,34730,66.8,7.633687418,27.88159528,54.56
E05000140,00AGGR,Camden,Kilburn,Ward,76.9,80.9,34730,66.8,7.633687418,27.88159528,56.37
E05000140,00AGGR,Camden,Kilburn,Ward,76.9,80.9,34730,66.8,7.633687418,31.77793553,54.56
E05000140,00AGGR,Camden,Kilburn,Ward,76.9,80.9,34730,66.8,7.633687418,31.77793553,56.37
E05000141,00AGGS,Camden,Kings Cross,Ward,80.9,90,32890,46.1,7.503482145,,
E05000142,00AGGT,Camden,Regents Park,Ward,77.8,86.2,34260,54.4,7.503482145,,
E05000143,00AGGU,Camden,St Pancras and Somers Town,Ward,78.8,81.4,30500,53,7.503482145,,
E05000144,00AGGW,Camden,Swiss Cottage,Ward,82.8,87.5,50340,72.3,7.633687418,48.7767696,21.39
E05000145,00AGGX,Camden,West Hampstead,Ward,82.4,86.3,46290,76.2,7.633687418,27.17698357,18.08
E05000146,00AHGE,Croydon,Addiscombe,Ward,78.6,82.7,38070,74.1,7.568437302,,0
E05000147,00AHGF,Croydon,Ashburton,Ward,82.2,85.1,38600,71.7,7.278810493,,3.58
E05000148,00AHGG,Croydon,Bensham Manor,Ward,81.8,83.6,33530,67.5,7.515675046,28.02407725,2.81
E05000149,00AHGH,Croydon,Broad Green,Ward,77.7,81,31000,64.6,7.568437302,18.14241663,11.5
E05000150,00AHGJ,Croydon,Coulsdon East,Ward,81.7,88.7,42660,73.9,7.947382419,,33.19
E05000151,00AHGK,Croydon,Coulsdon West,Ward,79.9,84.5,46610,75.5,7.947382419,,2.29
E05000152,00AHGL,Croydon,Croham,Ward,81,82.5,42260,76.5,7.568437302,,8.19
E05000153,00AHGM,Croydon,Fairfield,Ward,80.2,82.3,39130,73.1,7.568437302,12.1867198,21.41
E05000153,00AHGM,Croydon,Fairfield,Ward,80.2,82.3,39130,73.1,7.568437302,12.1867198,81.36
E05000153,00AHGM,Croydon,Fairfield,Ward,80.2,82.3,39130,73.1,7.568437302,17.97641325,21.41
E05000153,00AHGM,Croydon,Fairfield,Ward,80.2,82.3,39130,73.1,7.568437302,17.97641325,81.36
E05000154,00AHGN,Croydon,Fieldway,Ward,78.1,81.6,26720,58.5,7.633344657,,47.29
E05000155,00AHGP,Croydon,Heathfield,Ward,82.6,85.5,39770,74.3,7.633344657,46.72363792,18.72
E05000155,00AHGP,Croydon,Heathfield,Ward,82.6,85.5,39770,74.3,7.633344657,46.72363792,68.33
E05000156,00AHGQ,Croydon,Kenley,Ward,80.9,83.2,44160,75,7.947382419,71.49957536,35.58
E05000157,00AHGR,Croydon,New Addington,Ward,77.5,80,28770,64.4,7.633344657,,17.07
E05000158,00AHGS,Croydon,Norbury,Ward,78.6,84.6,36810,69.5,7.515675046,,14.25
E05000159,00AHGT,Croydon,Purley,Ward,82.5,84.4,44600,74.1,7.947382419,,14.23
E05000160,00AHGU,Croydon,Sanderstead,Ward,84.2,86.7,47030,74.9,7.947382419,72.06213603,28.78
E05000161,00AHGW,Croydon,Selhurst,Ward,74.4,79.4,31220,64.7,7.515675046,29.02490406,18.91
E05000162,00AHGX,Croydon,Selsdon and Ballards,Ward,85,87.4,45320,76.4,7.633344657,,6.89
E05000163,00AHGY,Croydon,Shirley,Ward,81.2,87.9,39500,72.3,7.633344657,,3.46
E05000164,00AHGZ,Croydon,South Norwood,Ward,79.2,82.1,34430,68.7,7.278810493,31.97186444,8.77
E05000165,00AHHA,Croydon,Thornton Heath,Ward,77.7,82.5,33720,66.8,7.515675046,33.63075009,21.15
E05000166,00AHHB,Croydon,Upper Norwood,Ward,79.2,82.4,37430,69.7,7.278810493,,39.41
E05000167,00AHHC,Croydon,Waddon,Ward,75.9,80.3,34630,69.9,7.568437302,40.27871954,17.99
E05000168,00AHHD,Croydon,West Thornton,Ward,78,84,32400,64.6,7.515675046,32.84434427,30.79
E05000169,00AHHE,Croydon,Woodside,Ward,80.2,83.3,33890,69,7.278810493,42.08767546,33.65
E05000169,00AHHE,Croydon,Woodside,Ward,80.2,83.3,33890,69,7.278810493,42.08767546,56.68
E05000169,00AHHE,Croydon,Woodside,Ward,80.2,83.3,33890,69,7.278810493,37.85848692,33.65
E05000169,00AHHE,Croydon,Woodside,Ward,80.2,83.3,33890,69,7.278810493,37.85848692,56.68
E05000170,00AJGC,Ealing,Acton Central,Ward,79.8,85.2,36500,69.4,7.728323224,37.04988231,19.12
E05000171,00AJGD,Ealing,Cleveland,Ward,80.5,87,41730,68.6,7.989558244,53.22213677,45.05
E05000172,00AJGE,Ealing,Dormers Wells,Ward,78.8,84.5,29350,61,8.106277621,55.3173576,52.57
E05000173,00AJGF,Ealing,Ealing Broadway,Ward,79.5,83.8,45540,75.1,7.989558244,38.91979339,33.54
E05000174,00AJGG,Ealing,Ealing Common,Ward,80.4,83.3,43600,74.6,7.989558244,44.64199008,23.72
E05000175,00AJGH,Ealing,East Acton,Ward,80.6,85.2,32930,68.3,7.728323224,26.71371473,53.44
E05000176,00AJGJ,Ealing,Elthorne,Ward,79.4,83.5,38970,73.1,7.989558244,41.68658454,79.81
E05000177,00AJGK,Ealing,Greenford Broadway,Ward,78.1,82.3,30500,66.4,7.667606564,44.49863389,56.75
E05000178,00AJGL,Ealing,Greenford Green,Ward,81.2,84.8,35420,72.6,7.667606564,36.57665864,32.56
E05000179,00AJGM,Ealing,Hanger Hill,Ward,82.6,87.4,44760,71.9,7.728323224,50.29017763,26.88
E05000180,00AJGN,Ealing,Hobbayne,Ward,80.4,84.4,36220,70.6,7.989558244,56.86997286,49.94
E05000181,00AJGP,Ealing,Lady Margaret,Ward,77.9,83.4,32520,66.6,8.106277621,34.61704604,21.17
E05000182,00AJGQ,Ealing,Northfield,Ward,81.2,88,48480,78.6,7.989558244,38.36720331,37.34
E05000183,00AJGR,Ealing,North Greenford,Ward,82.4,87.1,36480,72.3,7.667606564,66.25601306,67.22
E05000184,00AJGS,Ealing,Northolt Mandeville,Ward,81.6,84.8,31950,67.3,7.667606564,51.81723916,52.47
E05000185,00AJGT,Ealing,Northolt West End,Ward,77.8,83.8,28550,61.9,7.667606564,63.40305294,72.78
E05000186,00AJGU,Ealing,Norwood Green,Ward,78.4,81,29020,57.3,8.106277621,46.12893497,88.94
E05000187,00AJGW,Ealing,Perivale,Ward,84,85.9,36040,71.4,7.667606564,46.47310124,52.56
E05000188,00AJGX,Ealing,South Acton,Ward,77.5,80.2,34300,68.1,7.728323224,32.38503571,48.36
E05000189,00AJGY,Ealing,Southall Broadway,Ward,79.8,84.2,27930,59.1,8.106277621,18.50832212,40.65
E05000190,00AJGZ,Ealing,Southall Green,Ward,77.3,84.2,27150,59.7,8.106277621,16.72336753,45.94
E05000191,00AJHA,Ealing,Southfield,Ward,81.5,85.3,50170,77.6,7.728323224,30.05654117,2.43
E05000192,00AJHB,Ealing,Walpole,Ward,79.7,83.4,46240,77.3,7.989558244,39.66033498,57.08
E05000193,00AKGL,Enfield,Bowes,Ward,82.1,85.3,36300,71.9,7.359744244,36.52258994,70.08
E05000194,00AKGM,Enfield,Bush Hill Park,Ward,81.1,83.2,41800,73,7.359744244,45.62036906,58.14
E05000195,00AKGN,Enfield,Chase,Ward,78.1,82.1,36350,69.5,7.204568524,83.19652433,61.52
E05000196,00AKGP,Enfield,Cockfosters,Ward,82.8,86.6,43570,66.9,7.359744244,75.19383797,54.18
E05000197,00AKGQ,Enfield,Edmonton Green,Ward,79.4,84.9,26010,53.8,7.420989432,30.54460615,83.65
E05000198,00AKGR,Enfield,Enfield Highway,Ward,81.5,84.8,29450,60.1,7.204568524,22.6058376,57.73
E05000199,00AKGS,Enfield,Enfield Lock,Ward,77.1,82.6,30240,62,7.204568524,43.13736385,56.8
E05000200,00AKGT,Enfield,Grange,Ward,83.3,87.3,45960,74.8,7.204568524,54.20968859,34.91
E05000200,00AKGT,Enfield,Grange,Ward,83.3,87.3,45960,74.8,7.204568524,54.20968859,55.11
E05000201,00AKGU,Enfield,Haselbury,Ward,79.2,86.9,29600,59.3,7.420989432,40.47147855,75.65
E05000202,00AKGW,Enfield,Highlands,Ward,82.8,87.1,43540,72.9,7.359744244,68.92711117,48.17
E05000203,00AKGX,Enfield,Jubilee,Ward,79.2,82.3,30800,62.2,7.420989432,29.75588153,33.65
E05000204,00AKGY,Enfield,Lower Edmonton,Ward,80.5,82.8,28110,57.9,7.420989432,20.56029474,28.13
E05000205,00AKGZ,Enfield,Palmers Green,Ward,81.5,85.4,37970,70.2,7.359744244,35.39458599,29.15
E05000206,00AKHA,Enfield,Ponders End,Ward,78.4,85.4,28560,58,7.420989432,20.48824955,41.08
E05000207,00AKHB,Enfield,Southbury,Ward,80.2,85.8,33260,65,7.204568524,35.67305234,59.84
E05000208,00AKHC,Enfield,Southgate,Ward,81.2,85,41520,71.1,7.359744244,49.52675217,16.04
E05000209,00AKHD,Enfield,Southgate Green,Ward,82.3,84.7,42750,70.4,7.359744244,43.38066201,66.54
E05000210,00AKHE,Enfield,Town,Ward,82,84.8,42300,75.9,7.204568524,37.3052016,39.66
E05000210,00AKHE,Enfield,Town,Ward,82,84.8,42300,75.9,7.204568524,37.3052016,10.98
E05000210,00AKHE,Enfield,Town,Ward,82,84.8,42300,75.9,7.204568524,11.14186243,39.66
E05000210,00AKHE,Enfield,Town,Ward,82,84.8,42300,75.9,7.204568524,11.14186243,10.98
E05000211,00AKHF,Enfield,Turkey Street,Ward,79.1,82.3,28960,60.9,7.204568524,41.30520832,69.19
E05000212,00AKHG,Enfield,Upper Edmonton,Ward,75.9,79.4,28480,58.4,7.420989432,29.96093324,78.36
E05000213,00AKHH,Enfield,Winchmore Hill,Ward,81.7,83.3,45880,75.1,7.359744244,51.32659636,48.18
E05000214,00ALGP,Greenwich,Abbey Wood,Ward,77.2,83.2,31540,63.6,7.877755047,52.20545025,99.18
E05000215,00ALGQ,Greenwich,Blackheath Westcombe,Ward,81,82.9,49160,75.5,7.73092283,53.44380309,61.35
E05000216,00ALGR,Greenwich,Charlton,Ward,77.3,80.2,37940,67.7,7.73092283,44.55238123,74.4
E05000217,00ALGS,Greenwich,Coldharbour and New Eltham,Ward,78.7,83.8,38390,70.7,7.673856119,40.38122889,69.89
E05000218,00ALGT,Greenwich,Eltham North,Ward,81.9,86,43120,75.1,7.673856119,45.4073318,69.13
E05000219,00ALGU,Greenwich,Eltham South,Ward,79.9,83.9,37120,64.9,7.673856119,60.72136625,92.68
E05000220,00ALGW,Greenwich,Eltham West,Ward,76.9,82.6,34250,64,7.673856119,35.77152033,97.91
E05000221,00ALGX,Greenwich,Glyndon,Ward,75.4,79.1,31690,62.5,7.877755047,29.55698785,77.84
E05000222,00ALGY,Greenwich,Greenwich West,Ward,79.1,82.3,42270,68.6,7.73092283,44.82217179,93.77
E05000223,00ALGZ,Greenwich,Kidbrooke with Hornfair,Ward,79.9,83.1,35740,67.3,7.73092283,46.30488424,58.1
E05000224,00ALHA,Greenwich,Middle Park and Sutcliffe,Ward,80.3,84.5,35340,65.6,7.673856119,55.51983075,95.74
E05000225,00ALHB,Greenwich,Peninsula,Ward,79.1,83.7,41840,74.2,7.73092283,12.82994107,79.47
E05000226,00ALHC,Greenwich,Plumstead,Ward,79.2,83.3,32390,63.9,7.877755047,47.08390777,70.8
E05000227,00ALHD,Greenwich,Shooters Hill,Ward,80.2,84.9,39030,69.5,7.673856119,69.18139322,73.43
E05000228,00ALHE,Greenwich,Thamesmead Moorings,Ward,76.6,77.7,34450,62.9,7.877755047,36.24505302,88.51
E05000229,00ALHF,Greenwich,Woolwich Common,Ward,77,81.8,30260,60.5,7.877755047,45.16865451,95.18
E05000230,00ALHG,Greenwich,Woolwich Riverside,Ward,77.1,80.3,33540,64.7,7.877755047,18.47124155,93.12
E05000231,00AMGA,Hackney,Brownswood,Ward,77.9,83.6,40070,72,7.399268582,33.17522234,99.57
E05000232,00AMGB,Hackney,Cazenove,Ward,82,86,38130,64.8,7.381373522,30.9627851,98.93
E05000233,00AMGC,Hackney,Chatham,Ward,77.4,82.3,32510,63,7.485612846,,88.92
E05000234,00AMGD,Hackney,Clissold,Ward,79.8,83.8,45450,73.3,7.399268582,46.88588574,89.1
E05000235,00AMGE,Hackney,Dalston,Ward,79.2,82.6,38230,70.4,7.399268582,26.54175418,100
E05000236,00AMGF,Hackney,De Beauvoir,Ward,76.9,81.3,39060,71.1,7.583671763,33.46773711,90.16
E05000237,00AMGG,Hackney,Hackney Central,Ward,78.7,84,35260,66.6,7.485612846,30.82894303,98.51
E05000238,00AMGH,Hackney,Hackney Downs,Ward,78.4,84.7,35700,65.1,7.381373522,46.14327643,99.79
E05000239,00AMGJ,Hackney,Haggerston,Ward,77.9,81.9,36080,67.4,7.583671763,32.1853827,92.95
E05000240,00AMGK,Hackney,Hoxton,Ward,78.6,83.1,34970,62.7,7.583671763,,99.22
E05000241,00AMGL,Hackney,Kings Park,Ward,79,85.4,31970,57.6,7.485612846,,
E05000242,00AMGM,Hackney,Leabridge,Ward,75.5,79.9,35110,65.6,7.381373522,,44.28
E05000243,00AMGN,Hackney,Lordship,Ward,78.7,84.1,39940,64.6,7.399268582,,72.61
E05000244,00AMGP,Hackney,New River,Ward,80.4,84.5,35590,58.2,7.381373522,,82.69
E05000245,00AMGQ,Hackney,Queensbridge,Ward,77.8,85.1,36720,67.7,7.583671763,,95.31
E05000246,00AMGR,Hackney,Springfield,Ward,78.1,84.4,33570,53.8,7.381373522,40.57270511,73.82
E05000247,00AMGS,Hackney,Stoke Newington Central,Ward,81.1,85,42400,73.4,7.399268582,,97.12
E05000248,00AMGT,Hackney,Victoria,Ward,77.5,81.8,37350,65.6,7.485612846,40.17995954,87.68
E05000249,00AMGU,Hackney,Wick,Ward,75.5,82.3,32890,60.4,7.485612846,,95.5
E05000250,00ANGA,Hammersmith and Fulham,Addison,Ward,80.5,84.9,43970,76.2,7.866022729,20.76132657,45.78
E05000251,00ANGB,Hammersmith and Fulham,Askew,Ward,81.1,83.8,38450,71.8,7.866022729,24.63675811,10.61
E05000252,00ANGC,Hammersmith and Fulham,Avonmore and Brook Green,Ward,79.1,85,43350,69.5,7.866022729,25.81359389,31.18
E05000253,00ANGD,Hammersmith and Fulham,College Park and Old Oak,Ward,75.4,84.2,30890,62.6,7.866022729,43.77374347,26.22
E05000254,00ANGE,Hammersmith and Fulham,Fulham Broadway,Ward,78.9,81.2,42130,72.4,7.730176226,14.01363852,12.41
E05000255,00ANGF,Hammersmith and Fulham,Fulham Reach,Ward,80,82.1,42010,71,7.730176226,26.13132031,75.32
E05000256,00ANGG,Hammersmith and Fulham,Hammersmith Broadway,Ward,77.6,80.8,39500,69.9,7.730176226,16.91852096,30.85
E05000257,00ANGH,Hammersmith and Fulham,Munster,Ward,80.5,87.9,50240,76.7,7.730176226,16.69153396,40.16
E05000258,00ANGJ,Hammersmith and Fulham,North End,Ward,78.9,82.4,39510,72.7,7.730176226,16.85231275,47.43
E05000258,00ANGJ,Hammersmith and Fulham,North End,Ward,78.9,82.4,39510,72.7,7.730176226,16.85231275,33.47
E05000259,00ANGK,Hammersmith and Fulham,Palace Riverside,Ward,84.3,84.7,53330,74.3,7.730176226,35.28999108,75.15
E05000260,00ANGL,Hammersmith and Fulham,Parsons Green and Walham,Ward,81.1,85.8,55720,73.7,7.730176226,22.68786098,4.81
E05000261,00ANGM,Hammersmith and Fulham,Ravenscourt Park,Ward,77.7,81.2,45510,72.2,7.866022729,34.81976627,7.48
E05000262,00ANGN,Hammersmith and Fulham,Sands End,Ward,80.1,84.8,44170,69.3,7.730176226,16.09631667,31.63
E05000263,00ANGP,Hammersmith and Fulham,Shepherds Bush Green,Ward,77.8,82.9,36430,72,7.866022729,,
E05000264,00ANGQ,Hammersmith and Fulham,Town,Ward,81.6,86.8,47940,76.4,7.730176226,37.3052016,39.66
E05000264,00ANGQ,Hammersmith and Fulham,Town,Ward,81.6,86.8,47940,76.4,7.730176226,37.3052016,10.98
E05000264,00ANGQ,Hammersmith and Fulham,Town,Ward,81.6,86.8,47940,76.4,7.730176226,11.14186243,39.66
E05000264,00ANGQ,Hammersmith and Fulham,Town,Ward,81.6,86.8,47940,76.4,7.730176226,11.14186243,10.98
E05000265,00ANGR,Hammersmith and Fulham,Wormholt and White City,Ward,79.2,87.3,31860,62.2,7.866022729,35.00207891,10.73
E05000266,00APGA,Haringey,Alexandra,Ward,81.1,86.2,51450,76.7,7.454470569,64.18105477,27.91
E05000266,00APGA,Haringey,Alexandra,Ward,81.1,86.2,51450,76.7,7.454470569,64.18105477,43.37
E05000266,00APGA,Haringey,Alexandra,Ward,81.1,86.2,51450,76.7,7.454470569,55.33777157,27.91
E05000266,00APGA,Haringey,Alexandra,Ward,81.1,86.2,51450,76.7,7.454470569,55.33777157,43.37
E05000267,00APGB,Haringey,Bounds Green,Ward,80,84.4,34550,69,7.478363578,36.2164892,94.43
E05000268,00APGC,Haringey,Bruce Grove,Ward,79.2,85.9,30340,61.8,7.399974575,25.83073595,62.77
E05000269,00APGD,Haringey,Crouch End,Ward,82.6,85.5,52070,80.9,7.454470569,52.15581761,73.41
E05000270,00APGE,Haringey,Fortis Green,Ward,82.1,83.9,49950,75.9,7.454470569,53.18745249,41.75
E05000271,00APGF,Haringey,Harringay,Ward,79.6,86.4,37150,71.8,7.454470569,43.49379208,79.1
E05000272,00APGG,Haringey,Highgate,Ward,82.6,87.1,53710,79,7.454470569,74.59614558,53.13
E05000272,00APGG,Haringey,Highgate,Ward,82.6,87.1,53710,79,7.454470569,74.59614558,90.99
E05000272,00APGG,Haringey,Highgate,Ward,82.6,87.1,53710,79,7.454470569,66.44792645,53.13
E05000272,00APGG,Haringey,Highgate,Ward,82.6,87.1,53710,79,7.454470569,66.44792645,90.99
E05000273,00APGH,Haringey,Hornsey,Ward,80.5,85.2,40260,72.4,7.454470569,30.80751442,58.77
E05000274,00APGJ,Haringey,Muswell Hill,Ward,82.6,87,53910,78.4,7.454470569,56.59163069,77.32
E05000275,00APGK,Haringey,Noel Park,Ward,77.4,84.4,30620,63.2,7.478363578,23.39359116,53.37
E05000276,00APGL,Haringey,Northumberland Park,Ward,76.3,83.9,25090,52.3,7.478363578,28.74524431,93.13
E05000277,00APGM,Haringey,St Anns,Ward,79.9,85.3,32460,65.6,7.454470569,,
E05000278,00APGN,Haringey,Seven Sisters,Ward,81,84.1,33500,63.7,7.399974575,31.29322295,83.58
E05000279,00APGP,Haringey,Stroud Green,Ward,80.5,82,44780,77.3,7.454470569,42.74778602,66.89
E05000280,00APGQ,Haringey,Tottenham Green,Ward,76.4,81.5,28920,61.3,7.399974575,26.63464749,81.6
E05000281,00APGR,Haringey,Tottenham Hale,Ward,79.1,83.1,27340,56.3,7.399974575,35.33806193,56.48
E05000282,00APGS,Haringey,West Green,Ward,80.7,84.3,31110,63.3,7.399974575,46.01088436,74.12
E05000283,00APGT,Haringey,White Hart Lane,Ward,76.6,81.9,27010,54.8,7.478363578,45.72819848,82.14
E05000284,00APGU,Haringey,Woodside,Ward,79.6,84.4,32010,66.6,7.478363578,42.08767546,33.65
E05000284,00APGU,Haringey,Woodside,Ward,79.6,84.4,32010,66.6,7.478363578,42.08767546,56.68
E05000284,00APGU,Haringey,Woodside,Ward,79.6,84.4,32010,66.6,7.478363578,37.85848692,33.65
E05000284,00APGU,Haringey,Woodside,Ward,79.6,84.4,32010,66.6,7.478363578,37.85848692,56.68
E05000285,00AQFY,Harrow,Belmont,Ward,84.6,89.8,42380,71.8,7.46165132,43.58191067,67.83
E05000285,00AQFY,Harrow,Belmont,Ward,84.6,89.8,42380,71.8,7.46165132,43.58191067,36.25
E05000285,00AQFY,Harrow,Belmont,Ward,84.6,89.8,42380,71.8,7.46165132,50.22710933,67.83
E05000285,00AQFY,Harrow,Belmont,Ward,84.6,89.8,42380,71.8,7.46165132,50.22710933,36.25
E05000286,00AQFZ,Harrow,Canons,Ward,81.8,85.1,39890,71.9,7.46165132,69.8488313,83.41
E05000287,00AQGA,Harrow,Edgware,Ward,82.5,88,33600,68.6,7.46165132,63.92986738,32.12
E05000287,00AQGA,Harrow,Edgware,Ward,82.5,88,33600,68.6,7.46165132,63.92986738,83.9
E05000287,00AQGA,Harrow,Edgware,Ward,82.5,88,33600,68.6,7.46165132,34.87869705,32.12
E05000287,00AQGA,Harrow,Edgware,Ward,82.5,88,33600,68.6,7.46165132,34.87869705,83.9
E05000288,00AQGB,Harrow,Greenhill,Ward,77.8,83.8,37550,71.1,7.352077376,32.28950447,77
E05000289,00AQGC,Harrow,Harrow on the Hill,Ward,82.5,86.5,39630,68.2,7.352077376,68.61766121,79.83
E05000290,00AQGD,Harrow,Harrow Weald,Ward,79.5,86,36940,69.1,7.352077376,73.61424663,75.4
E05000291,00AQGE,Harrow,Hatch End,Ward,82.8,85.6,42350,73.2,7.352077376,61.07761205,76.12
E05000292,00AQGF,Harrow,Headstone North,Ward,83.8,90.2,44470,73.8,7.372779301,63.60461755,87.16
E05000293,00AQGG,Harrow,Headstone South,Ward,84.1,85.2,39090,71.7,7.372779301,42.35716453,49.77
E05000294,00AQGH,Harrow,Kenton East,Ward,82.5,87.1,32880,68.5,7.46165132,35.37030091,44.49
E05000295,00AQGJ,Harrow,Kenton West,Ward,82.2,84.8,38400,71.6,7.46165132,41.86382718,64.49
E05000296,00AQGK,Harrow,Marlborough,Ward,82.5,84.9,34450,68.4,7.352077376,30.20134369,49.44
E05000297,00AQGL,Harrow,Pinner,Ward,83.4,87.6,43950,71.8,7.372779301,63.27393593,76.52
E05000298,00AQGM,Harrow,Pinner South,Ward,85.8,90.9,49420,75.2,7.372779301,53.84120314,76.74
E05000299,00AQGN,Harrow,Queensbury,Ward,82,84.6,35030,68.1,7.46165132,34.04846842,39.21
E05000299,00AQGN,Harrow,Queensbury,Ward,82,84.6,35030,68.1,7.46165132,34.04846842,55.93
E05000299,00AQGN,Harrow,Queensbury,Ward,82,84.6,35030,68.1,7.46165132,39.68981465,39.21
E05000299,00AQGN,Harrow,Queensbury,Ward,82,84.6,35030,68.1,7.46165132,39.68981465,55.93
E05000300,00AQGP,Harrow,Rayners Lane,Ward,82.7,86.5,40310,71.5,7.372779301,39.68886497,75.73
E05000301,00AQGQ,Harrow,Roxbourne,Ward,81.1,87.3,32130,64.8,7.372779301,39.6003062,89.54
E05000302,00AQGR,Harrow,Roxeth,Ward,82.2,84.9,35110,68.6,7.372779301,47.25950221,78.58
E05000303,00AQGS,Harrow,Stanmore Park,Ward,83.5,86.3,39210,68.6,7.46165132,66.85436307,82.28
E05000304,00AQGT,Harrow,Wealdstone,Ward,80,82.4,32080,65.1,7.352077376,30.23619049,68.15
E05000305,00AQGU,Harrow,West Harrow,Ward,83.1,85.8,40210,71.5,7.372779301,46.35860539,79.17
E05000306,00ARGC,Havering,Brooklands,Ward,77.4,81.6,35250,72.7,7.923058603,53.45888064,66
E05000307,00ARGD,Havering,Cranham,Ward,84.6,86.9,42250,75.6,7.736354628,69.75945322,51.96
E05000308,00ARGE,Havering,Elm Park,Ward,79.6,84.7,34730,73.4,7.736354628,64.49018041,51.25
E05000309,00ARGF,Havering,Emerson Park,Ward,79.6,83.9,43790,74.3,7.923058603,59.36903896,40.29
E05000310,00ARGG,Havering,Gooshays,Ward,76.8,81.3,29400,63,7.71664998,74.87554908,96.27
E05000311,00ARGH,Havering,Hacton,Ward,80.9,85.3,39740,75.7,7.736354628,45.00426183,77.56
E05000312,00ARGJ,Havering,Harold Wood,Ward,79.3,84.3,37010,72.2,7.71664998,68.88103109,84.89
E05000313,00ARGK,Havering,Havering Park,Ward,77.2,82.1,33590,69.1,7.71664998,83.52709825,72.84
E05000314,00ARGL,Havering,Heaton,Ward,76.6,80.9,29560,64.3,7.71664998,56.12027143,69.88
E05000315,00ARGM,Havering,Hylands,Ward,83.1,86.6,39890,75.6,7.923058603,50.60289372,78.34
E05000316,00ARGN,Havering,Mawneys,Ward,81.8,87.5,35820,73.2,7.71664998,52.53671912,73.39
E05000317,00ARGP,Havering,Pettits,Ward,80.9,85.2,40010,74.9,7.71664998,58.05807799,55.53
E05000318,00ARGQ,Havering,Rainham and Wennington,Ward,79.3,83.6,34470,72.4,7.736354628,61.85810517,59.92
E05000319,00ARGR,Havering,Romford Town,Ward,80,85.4,37160,74.4,7.923058603,30.3072977,51.79
E05000320,00ARGS,Havering,St Andrews,Ward,80,83.8,38130,76.1,7.923058603,,
E05000321,00ARGT,Havering,South Hornchurch,Ward,77.9,83.5,33160,70.5,7.736354628,43.18327243,72.31
E05000322,00ARGU,Havering,Squirrels Heath,Ward,81,85.1,41740,77.3,7.923058603,,
E05000323,00ARGW,Havering,Upminster,Ward,81.1,84.1,47580,76.4,7.736354628,85.89908239,48.43
E05000324,00ASGG,Hillingdon,Barnhill,Ward,79.7,82.3,31800,65,7.155184976,54.39248194,15.14
E05000324,00ASGG,Hillingdon,Barnhill,Ward,79.7,82.3,31800,65,7.155184976,54.39248194,15.44
E05000324,00ASGG,Hillingdon,Barnhill,Ward,79.7,82.3,31800,65,7.155184976,45.05682277,15.14
E05000324,00ASGG,Hillingdon,Barnhill,Ward,79.7,82.3,31800,65,7.155184976,45.05682277,15.44
E05000325,00ASGH,Hillingdon,Botwell,Ward,77.4,79.9,30700,64,7.155184976,42.34171571,27.01
E05000326,00ASGJ,Hillingdon,Brunel,Ward,78.7,83.6,34630,57.5,7.460166286,49.2674429,55.4
E05000327,00ASGK,Hillingdon,Cavendish,Ward,81.6,85.9,43970,77.6,7.658076624,42.87342566,42.48
E05000328,00ASGL,Hillingdon,Charville,Ward,80.1,83.2,35410,71,7.155184976,59.56396944,4.15
E05000329,00ASGM,Hillingdon,Eastcote and East Ruislip,Ward,85.4,88.4,47380,76.8,7.658076624,61.88508782,33.94
E05000330,00ASGN,Hillingdon,Harefield,Ward,77.4,81.8,37990,75.7,7.658076624,77.49151744,30.9
E05000331,00ASGP,Hillingdon,Heathrow Villages,Ward,79.5,83,33170,71.7,7.719682902,35.38040004,6.56
E05000332,00ASGQ,Hillingdon,Hillingdon East,Ward,79.6,83.7,37250,72.4,7.460166286,62.42163576,15.72
E05000333,00ASGR,Hillingdon,Ickenham,Ward,83.4,86.5,48770,76.6,7.658076624,68.11695185,14.75
E05000334,00ASGS,Hillingdon,Manor,Ward,82.6,85,43460,80.5,7.658076624,42.02513011,16.01
E05000335,00ASGT,Hillingdon,Northwood,Ward,81.9,85.7,46550,73.3,7.658076624,76.56643189,0
E05000336,00ASGU,Hillingdon,Northwood Hills,Ward,81.7,85.7,43320,74.3,7.658076624,58.05360177,18.93
E05000337,00ASGW,Hillingdon,Pinkwell,Ward,80.7,84.9,31830,66.8,7.719682902,43.56301472,2.3
E05000338,00ASGX,Hillingdon,South Ruislip,Ward,79.3,84.1,40060,77.5,7.658076624,59.63862525,21.85
E05000339,00ASGY,Hillingdon,Townfield,Ward,77.5,82.5,30430,63.2,7.155184976,41.69913568,21.8
E05000340,00ASGZ,Hillingdon,Uxbridge North,Ward,81.8,84.6,41470,74,7.460166286,57.09634094,37.42
E05000341,00ASHA,Hillingdon,Uxbridge South,Ward,79.8,82.9,34270,56.8,7.460166286,38.2643076,52.33
E05000342,00ASHB,Hillingdon,West Drayton,Ward,78.4,80.3,32680,69,7.719682902,48.0417003,24.42
E05000343,00ASHC,Hillingdon,West Ruislip,Ward,80.1,83.6,43470,78.2,7.658076624,63.43524167,45.58
E05000344,00ASHD,Hillingdon,Yeading,Ward,80.2,82.5,33240,66.1,7.155184976,51.21306065,30.56
E05000345,00ASHE,Hillingdon,Yiewsley,Ward,79.3,83.9,32340,68.2,7.719682902,50.03106384,52.74
E05000346,00ATFY,Hounslow,Bedfont,Ward,78.4,83.3,31870,72.2,7.48624498,53.76708024,73.91
E05000347,00ATFZ,Hounslow,Brentford,Ward,80,85.8,35040,68,7.746910295,40.35959665,38.72
E05000348,00ATGA,Hounslow,Chiswick Homefields,Ward,81.9,85.7,51830,76.1,7.746910295,47.82426264,17.69
E05000349,00ATGB,Hounslow,Chiswick Riverside,Ward,82,89.2,49680,77.4,7.746910295,42.69492283,45.1
E05000350,00ATGC,Hounslow,Cranford,Ward,79,86,30860,65.6,7.461775288,39.93327575,3.83
E05000351,00ATGD,Hounslow,Feltham North,Ward,75.5,78.8,32850,71.6,7.48624498,47.18555569,51.28
E05000352,00ATGE,Hounslow,Feltham West,Ward,80.8,85.1,34010,71.8,7.48624498,56.70882006,70.98
E05000353,00ATGF,Hounslow,Hanworth,Ward,79.1,84.9,31150,66.9,7.48624498,54.42266687,20.03
E05000354,00ATGG,Hounslow,Hanworth Park,Ward,80,85.5,34340,72.9,7.48624498,57.53835654,38.39
E05000355,00ATGH,Hounslow,Heston Central,Ward,77.6,83.5,33580,66.6,7.461775288,32.61632151,0.28
E05000356,00ATGJ,Hounslow,Heston East,Ward,80.4,84.4,34030,67.5,7.461775288,44.23981004,14.79
E05000357,00ATGK,Hounslow,Heston West,Ward,79.7,83.8,29490,62.2,7.461775288,51.51328096,31.89
E05000358,00ATGL,Hounslow,Hounslow Central,Ward,82.1,85.2,35830,71.4,7.487639323,26.92888539,0
E05000359,00ATGM,Hounslow,Hounslow Heath,Ward,80.3,85.8,32530,67.6,7.487639323,58.89376063,0.85
E05000360,00ATGN,Hounslow,Hounslow South,Ward,81.8,89.3,39920,74.1,7.487639323,29.71147155,21.47
E05000361,00ATGP,Hounslow,Hounslow West,Ward,77.9,80.2,31890,69.6,7.487639323,23.56470516,2.22
E05000362,00ATGQ,Hounslow,Isleworth,Ward,79.2,84.8,34790,70.6,7.487639323,30.7244124,55.48
E05000363,00ATGR,Hounslow,Osterley and Spring Grove,Ward,82.2,83.8,42140,75.3,7.461775288,61.86302125,10.75
E05000364,00ATGS,Hounslow,Syon,Ward,78.1,79.3,37040,73,7.746910295,43.93774603,54.6
E05000365,00ATGT,Hounslow,Turnham Green,Ward,82.4,85.6,47080,77,7.746910295,31.61934666,2.35
E05000366,00AUFX,Islington,Barnsbury,Ward,77.1,82.2,44970,68.1,7.554691762,35.49112937,99.79
E05000367,00AUFY,Islington,Bunhill,Ward,80,84.8,39200,59.8,7.493293817,20.59135733,97.43
E05000368,00AUFZ,Islington,Caledonian,Ward,78.8,82.8,35840,61.7,7.554691762,27.05862105,98.24
E05000369,00AUGA,Islington,Canonbury,Ward,79.7,85.9,40590,69.2,7.493293817,48.43225056,99.13
E05000370,00AUGB,Islington,Clerkenwell,Ward,80.6,87.4,43350,62.6,7.493293817,24.72033137,99.25
E05000371,00AUGC,Islington,Finsbury Park,Ward,76,81.7,33620,65.4,7.822011109,26.82321299,96.69
E05000372,00AUGD,Islington,Highbury East,Ward,81,84.4,47810,74.5,7.822011109,50.06988966,85.7
E05000373,00AUGE,Islington,Highbury West,Ward,79.2,85.1,43800,74.5,7.822011109,33.58479883,67.7
E05000374,00AUGF,Islington,Hillrise,Ward,77.8,81.5,39090,65.7,7.380247901,42.01322624,100
E05000375,00AUGG,Islington,Holloway,Ward,79,83.2,35430,63.9,7.554691762,37.54274554,96.92
E05000376,00AUGH,Islington,Junction,Ward,75.3,80.7,39470,68.4,7.380247901,35.38493159,78.99
E05000377,00AUGJ,Islington,Mildmay,Ward,78.2,83.7,39300,68.6,7.822011109,48.09137165,100
E05000378,00AUGK,Islington,St Georges,Ward,78.4,90.4,40860,67.8,7.380247901,,
E05000379,00AUGL,Islington,St Marys,Ward,81,82.4,46190,73,7.554691762,,
E05000380,00AUGM,Islington,St Peters,Ward,78.3,79.7,43870,70.4,7.493293817,,
E05000381,00AUGN,Islington,Tollington,Ward,77.4,86.4,38090,68.5,7.380247901,33.82807264,98.88
E05000382,00AWFY,Kensington and Chelsea,Abingdon,Ward,88.3,85.3,54690,66.2,7.769917653,24.50292441,16.1
E05000383,00AWFZ,Kensington and Chelsea,Brompton,Ward,90.2,87.3,64320,69.2,7.813124329,,35.88
E05000384,00AWGA,Kensington and Chelsea,Campden,Ward,86,89.5,65500,71.6,7.769917653,40.63385872,18.48
E05000385,00AWGB,Kensington and Chelsea,Colville,Ward,81.6,85.6,43560,69.9,7.80120069,24.87642429,76.57
E05000386,00AWGC,Kensington and Chelsea,Courtfield,Ward,91,86.4,61810,64.8,7.813124329,23.8476783,53.95
E05000387,00AWGD,Kensington and Chelsea,Cremorne,Ward,82.3,87.3,43920,63,7.813124329,,95.7
E05000388,00AWGE,Kensington and Chelsea,Earls Court,Ward,80.3,86.8,44100,68.5,7.769917653,,
E05000389,00AWGF,Kensington and Chelsea,Golborne,Ward,76.6,83.6,30100,59.3,7.80120069,25.61793909,67.5
E05000390,00AWGG,Kensington and Chelsea,Hans Town,Ward,85.4,87.8,58100,69.1,7.813124329,,55.19
E05000391,00AWGH,Kensington and Chelsea,Holland,Ward,87,93.1,54770,66.4,7.769917653,47.52372063,48.08
E05000392,00AWGJ,Kensington and Chelsea,Norland,Ward,83.6,85.7,53430,67.4,7.80120069,39.91374117,68.75
E05000393,00AWGK,Kensington and Chelsea,Notting Barns,Ward,78.5,85.6,36690,61.8,7.80120069,,80.88
E05000394,00AWGL,Kensington and Chelsea,Pembridge,Ward,83.7,84.9,55710,74.8,7.80120069,30.56245039,38.83
E05000395,00AWGM,Kensington and Chelsea,Queens Gate,Ward,87.3,90,63630,66.3,7.769917653,,
E05000396,00AWGN,Kensington and Chelsea,Redcliffe,Ward,84.3,88.4,54550,74.3,7.769917653,41.3430875,75.07
E05000397,00AWGP,Kensington and Chelsea,Royal Hospital,Ward,80.8,88.1,60600,72.8,7.813124329,29.33726462,52.91
E05000398,00AWGQ,Kensington and Chelsea,St Charles,Ward,75.1,80.9,36100,63.4,7.80120069,,
E05000399,00AWGR,Kensington and Chelsea,Stanley,Ward,83.6,84.4,54990,73,7.813124329,22.07715543,47.4
E05000400,00AXFX,Kingston upon Thames,Alexandra,Ward,83.7,88.1,41390,75.1,7.510901849,64.18105477,27.91
E05000400,00AXFX,Kingston upon Thames,Alexandra,Ward,83.7,88.1,41390,75.1,7.510901849,64.18105477,43.37
E05000400,00AXFX,Kingston upon Thames,Alexandra,Ward,83.7,88.1,41390,75.1,7.510901849,55.33777157,27.91
E05000400,00AXFX,Kingston upon Thames,Alexandra,Ward,83.7,88.1,41390,75.1,7.510901849,55.33777157,43.37
E05000401,00AXFY,Kingston upon Thames,Berrylands,Ward,79.6,84.9,42330,74.8,7.510901849,43.77991782,23.65
E05000402,00AXFZ,Kingston upon Thames,Beverley,Ward,82.2,81.7,40700,71.6,7.512590619,44.14824327,2.52
E05000403,00AXGA,Kingston upon Thames,Canbury,Ward,81.8,85.9,45600,74.9,7.512590619,24.6410751,10.38
E05000404,00AXGB,Kingston upon Thames,Chessington North and Hook,Ward,79.7,87,37230,76.4,7.510901849,45.00844328,24.24
E05000405,00AXGC,Kingston upon Thames,Chessington South,Ward,82.5,83.6,38310,78.5,7.510901849,78.42347644,68.51
E05000406,00AXGD,Kingston upon Thames,Coombe Hill,Ward,82.8,84.4,45650,64.5,7.512590619,65.59868348,54.27
E05000407,00AXGE,Kingston upon Thames,Coombe Vale,Ward,84.2,86.7,44320,72.4,7.512590619,41.61588513,28.7
E05000408,00AXGF,Kingston upon Thames,Grove,Ward,80.7,85.5,41410,66.8,7.512590619,25.4470823,81.04
E05000409,00AXGG,Kingston upon Thames,Norbiton,Ward,77.9,80.9,34650,68.2,7.512590619,37.28106369,74.78
E05000410,00AXGH,Kingston upon Thames,Old Malden,Ward,83.9,88,41760,74,7.512590619,44.66989779,54.54
E05000411,00AXGJ,Kingston upon Thames,St James,Ward,80.7,83,41850,71.9,7.512590619,,
E05000412,00AXGK,Kingston upon Thames,St Marks,Ward,81.9,84.4,44930,69.4,7.510901849,,
E05000413,00AXGL,Kingston upon Thames,Surbiton Hill,Ward,79.8,82.9,43160,78.2,7.510901849,45.41324563,30.19
E05000414,00AXGM,Kingston upon Thames,Tolworth and Hook Rise,Ward,81.4,87.2,37840,76.2,7.510901849,45.60000741,10.82
E05000415,00AXGN,Kingston upon Thames,Tudor,Ward,83.7,87.5,48530,76.9,7.512590619,36.90621152,72.76
E05000416,00AYFZ,Lambeth,Bishops,Ward,80.1,83.1,40360,66.2,7.694809178,,
E05000417,00AYGA,Lambeth,Brixton Hill,Ward,76.7,82.7,39050,75.3,7.593995653,24.04495131,83.21
E05000418,00AYGB,Lambeth,Clapham Common,Ward,78.3,83.1,49520,80.3,7.593995653,42.66206983,89.25
E05000419,00AYGC,Lambeth,Clapham Town,Ward,75.2,82.6,44960,80,7.593995653,28.60134766,66.85
E05000420,00AYGD,Lambeth,Coldharbour,Ward,77.8,86.3,32220,64.9,7.593995653,26.22550131,95.77
E05000421,00AYGE,Lambeth,Ferndale,Ward,77.5,84.7,39480,77,7.593995653,16.87540721,98.15
E05000422,00AYGF,Lambeth,Gipsy Hill,Ward,78.5,82.7,36650,69.7,7.692148526,44.88554732,97.78
E05000423,00AYGG,Lambeth,Herne Hill,Ward,78.2,84.8,41700,75.3,7.593995653,45.55049911,44.12
E05000424,00AYGH,Lambeth,Knights Hill,Ward,76.9,80.8,36950,68.8,7.692148526,,
E05000425,00AYGJ,Lambeth,Larkhall,Ward,75.5,81,37260,73.5,7.694809178,24.92049551,98.56
E05000426,00AYGK,Lambeth,Oval,Ward,79,82.3,39200,74.3,7.694809178,25.72128849,95.85
E05000427,00AYGL,Lambeth,Princes,Ward,78.4,85.8,37600,71.1,7.694809178,,
E05000428,00AYGM,Lambeth,St Leonards,Ward,80.1,85.7,39880,75.6,7.692148526,,
E05000429,00AYGN,Lambeth,Stockwell,Ward,79.2,82.4,35050,71.2,7.694809178,26.66595821,93.56
E05000430,00AYGP,Lambeth,Streatham Hill,Ward,78.1,81.6,39250,74.6,7.692148526,34.16130417,85.42
E05000431,00AYGQ,Lambeth,Streatham South,Ward,81.9,84.4,36710,70.4,7.692148526,41.84380386,29.21
E05000432,00AYGR,Lambeth,Streatham Wells,Ward,78.8,81.8,38270,74.2,7.692148526,38.37098234,64.74
E05000433,00AYGS,Lambeth,Thornton,Ward,82.1,86.4,41880,74.3,7.692148526,31.50251436,86.05
E05000434,00AYGT,Lambeth,Thurlow Park,Ward,80.8,84.2,41600,74,7.692148526,42.54134514,65.97
E05000435,00AYGU,Lambeth,Tulse Hill,Ward,79.8,85.3,35610,70.5,7.593995653,31.85940184,94.06
E05000436,00AYGW,Lambeth,Vassall,Ward,79.4,87.7,34830,67.6,7.694809178,30.50079186,95.09
E05000437,00AZGD,Lewisham,Bellingham,Ward,77.6,82,31340,64.9,7.73131121,53.22632939,65.94
E05000438,00AZGE,Lewisham,Blackheath,Ward,79.3,83.3,44870,74.1,7.655520747,57.19322356,57.02
E05000439,00AZGF,Lewisham,Brockley,Ward,77.6,82.5,38100,71.3,7.713258772,38.67728319,49.14
E05000440,00AZGG,Lewisham,Catford South,Ward,78.5,83.9,39070,70.2,7.655520747,30.11299604,11.45
E05000441,00AZGH,Lewisham,Crofton Park,Ward,81.1,86.5,42560,73.9,7.713258772,36.4428668,71.3
E05000442,00AZGJ,Lewisham,Downham,Ward,79.4,85,30880,63.6,7.73131121,47.46666295,93.51
E05000443,00AZGK,Lewisham,Evelyn,Ward,77.9,82.5,30560,63.7,7.713258772,24.89269956,71.49
E05000444,00AZGL,Lewisham,Forest Hill,Ward,78.5,82.8,40960,73.6,7.73131121,48.45579945,92.05
E05000445,00AZGM,Lewisham,Grove Park,Ward,78.7,81.8,36150,69.3,7.655520747,42.47868872,57.93
E05000446,00AZGN,Lewisham,Ladywell,Ward,79.3,83.7,40290,70.5,7.713258772,47.2461884,33.28
E05000447,00AZGP,Lewisham,Lee Green,Ward,80.7,83.7,42760,75.1,7.655520747,34.91220279,41.25
E05000448,00AZGQ,Lewisham,Lewisham Central,Ward,76.4,80.8,35760,69.6,7.655520747,27.37987283,27.07
E05000449,00AZGR,Lewisham,New Cross,Ward,75.1,78,31520,64.6,7.713258772,24.35106059,22.71
E05000450,00AZGS,Lewisham,Perry Vale,Ward,79.8,86.5,39130,72.9,7.73131121,38.52331263,43.01
E05000451,00AZGT,Lewisham,Rushey Green,Ward,79.6,82.5,34670,66.2,7.655520747,36.01575162,31.21
E05000452,00AZGU,Lewisham,Sydenham,Ward,76,81.5,37060,69.1,7.73131121,41.98658374,38.82
E05000453,00AZGW,Lewisham,Telegraph Hill,Ward,79.8,84.1,37230,70.6,7.713258772,38.76973033,37.81
E05000454,00AZGX,Lewisham,Whitefoot,Ward,80.2,86.3,32840,64.8,7.73131121,41.14170412,78.75
E05000455,00BAFX,Merton,Abbey,Ward,79.1,84,45370,80.3,7.52746238,27.83831348,70.7
E05000455,00BAFX,Merton,Abbey,Ward,79.1,84,45370,80.3,7.52746238,27.83831348,75.56
E05000455,00BAFX,Merton,Abbey,Ward,79.1,84,45370,80.3,7.52746238,25.96143903,70.7
E05000455,00BAFX,Merton,Abbey,Ward,79.1,84,45370,80.3,7.52746238,25.96143903,75.56
E05000456,00BAFY,Merton,Cannon Hill,Ward,82,88.5,42320,75.9,7.648017736,53.52511841,32.96
E05000457,00BAFZ,Merton,Colliers Wood,Ward,79.4,84.1,38780,76.7,7.661897012,29.52890928,56.64
E05000458,00BAGA,Merton,Cricket Green,Ward,78,83.6,29930,65.7,7.661897012,54.70216179,72.39
E05000459,00BAGB,Merton,Dundonald,Ward,83.7,86,49910,83.2,7.52746238,33.65266789,81.42
E05000460,00BAGC,Merton,Figges Marsh,Ward,78.1,81.9,30860,66.3,7.661897012,,
E05000461,00BAGD,Merton,Graveney,Ward,80.6,86.4,35580,71.6,7.661897012,28.31860374,37.65
E05000461,00BAGD,Merton,Graveney,Ward,80.6,86.4,35580,71.6,7.661897012,28.31860374,78.4
E05000461,00BAGD,Merton,Graveney,Ward,80.6,86.4,35580,71.6,7.661897012,20.53162546,37.65
E05000461,00BAGD,Merton,Graveney,Ward,80.6,86.4,35580,71.6,7.661897012,20.53162546,78.4
E05000462,00BAGE,Merton,Hillside,Ward,81.1,87.5,51480,79.8,7.52746238,34.16710251,59.5
E05000463,00BAGF,Merton,Lavender Fields,Ward,79.7,84.4,33360,72.6,7.661897012,33.85870598,52.12
E05000464,00BAGG,Merton,Longthornton,Ward,79.7,83.1,34350,69.9,7.661897012,41.52417854,48.38
E05000465,00BAGH,Merton,Lower Morden,Ward,80.3,84.7,38730,78.1,7.648017736,46.78535047,63.05
E05000466,00BAGJ,Merton,Merton Park,Ward,83.5,85.9,46300,75.2,7.648017736,46.26735696,59.68
E05000467,00BAGK,Merton,Pollards Hill,Ward,80.4,83.9,31940,67.8,7.661897012,61.57932564,39.83
E05000468,00BAGL,Merton,Ravensbury,Ward,76.9,82.2,32330,69,7.648017736,48.55251144,83.03
E05000469,00BAGM,Merton,Raynes Park,Ward,78.9,82.3,49340,77.6,7.648017736,40.98680334,49.42
E05000470,00BAGN,Merton,St Helier,Ward,78.2,82.7,32530,69.4,7.648017736,,
E05000471,00BAGP,Merton,Trinity,Ward,79.8,83.6,47380,80.7,7.52746238,35.22063643,39.29
E05000472,00BAGQ,Merton,Village,Ward,84.6,86.1,62200,71.3,7.52746238,54.27852519,25.38
E05000472,00BAGQ,Merton,Village,Ward,84.6,86.1,62200,71.3,7.52746238,54.27852519,49.58
E05000472,00BAGQ,Merton,Village,Ward,84.6,86.1,62200,71.3,7.52746238,54.27852519,39.92
E05000472,00BAGQ,Merton,Village,Ward,84.6,86.1,62200,71.3,7.52746238,76.35589392,25.38
E05000472,00BAGQ,Merton,Village,Ward,84.6,86.1,62200,71.3,7.52746238,76.35589392,49.58
E05000472,00BAGQ,Merton,Village,Ward,84.6,86.1,62200,71.3,7.52746238,76.35589392,39.92
E05000473,00BAGR,Merton,West Barnes,Ward,83,83,44170,76.5,7.648017736,44.19722354,58.46
E05000474,00BAGS,Merton,Wimbledon Park,Ward,84.3,85.8,50730,78.4,7.52746238,37.84429634,47.45
E05000475,00BBGB,Newham,Beckton,Ward,79.2,82.6,34100,60.3,8.155632411,32.12924805,76.97
E05000476,00BBGC,Newham,Boleyn,Ward,81.4,87.3,31630,58.2,8.01629452,27.90511473,0
E05000477,00BBGD,Newham,Canning Town North,Ward,77.5,82.4,28910,59.5,8.155632411,32.62202553,0.12
E05000478,00BBGE,Newham,Canning Town South,Ward,76.3,81.9,32870,64.4,8.155632411,19.02384139,55.89
E05000479,00BBGF,Newham,Custom House,Ward,75.4,78.8,31840,62.8,8.155632411,34.68386493,35.91
E05000480,00BBGG,Newham,East Ham Central,Ward,79.7,84.1,32380,58,7.996928315,29.75208115,0
E05000481,00BBGH,Newham,East Ham North,Ward,78.6,82.2,32340,56.3,7.996928315,31.4818413,5.96
E05000482,00BBGJ,Newham,East Ham South,Ward,77.2,82.2,31430,59,7.996928315,47.21937792,22.18
E05000483,00BBGK,Newham,Forest Gate North,Ward,78.1,84.2,34270,64.7,7.643297659,37.29924152,58.67
E05000484,00BBGL,Newham,Forest Gate South,Ward,75.9,79.6,34550,62.1,7.643297659,30.72181252,43.16
E05000485,00BBGM,Newham,Green Street East,Ward,81.1,85.6,31570,55.4,8.01629452,20.34443344,13.23
E05000486,00BBGN,Newham,Green Street West,Ward,78.7,88.2,31080,54.3,8.01629452,19.72310942,0
E05000487,00BBGP,Newham,Little Ilford,Ward,76.6,82.3,29730,53,7.996928315,56.24702703,59.89
E05000488,00BBGQ,Newham,Manor Park,Ward,76.7,82.3,31580,55.8,7.996928315,45.85066621,71.26
E05000489,00BBGR,Newham,Plaistow North,Ward,79.5,86,30740,58.4,8.01629452,30.55009731,0
E05000490,00BBGS,Newham,Plaistow South,Ward,80.3,83.5,31750,61.8,8.01629452,33.91248762,0.09
E05000491,00BBGT,Newham,Royal Docks,Ward,78.4,86.7,38580,71.9,8.155632411,10.08639395,76.15
E05000492,00BBGU,Newham,Stratford and New Town,Ward,78.3,82.8,35840,68.9,7.643297659,23.31694114,58.51
E05000493,00BBGW,Newham,Wall End,Ward,79.8,84.3,32330,57.1,7.996928315,43.20904738,15
E05000494,00BBGX,Newham,West Ham,Ward,80.3,81.8,32310,63.1,7.643297659,43.10930235,42.66
E05000495,00BCFY,Redbridge,Aldborough,Ward,78.4,81.6,37310,67.4,7.755007322,75.4647254,1.92
E05000496,00BCFZ,Redbridge,Barkingside,Ward,83.9,87.7,39620,67.3,7.755007322,31.63658729,4.25
E05000497,00BCGA,Redbridge,Bridge,Ward,82.8,85.4,39320,73.2,7.793614138,1.588666383,15.26
E05000497,00BCGA,Redbridge,Bridge,Ward,82.8,85.4,39320,73.2,7.793614138,58.88251992,15.26
E05000498,00BCGB,Redbridge,Chadwell,Ward,79.7,81.8,36700,68.4,7.755007322,31.89302935,7.31
E05000499,00BCGC,Redbridge,Church End,Ward,80.2,86.3,45410,79.3,7.793614138,,10.36
E05000500,00BCGD,Redbridge,Clayhall,Ward,82.5,86.1,41450,67.8,7.755007322,43.00147602,0.88
E05000501,00BCGE,Redbridge,Clementswood,Ward,79.1,84.2,30230,56.5,7.842634363,25.28795667,20.88
E05000502,00BCGF,Redbridge,Cranbrook,Ward,80.8,82,38290,62.8,7.842634363,31.44655538,3.08
E05000503,00BCGG,Redbridge,Fairlop,Ward,80.5,84.8,37560,70.8,7.793614138,45.31484952,1.32
E05000504,00BCGH,Redbridge,Fullwell,Ward,83.5,86.4,35690,66.7,7.793614138,47.08599797,1.04
E05000505,00BCGJ,Redbridge,Goodmayes,Ward,78.6,84.4,33820,61,7.755007322,39.42134041,17.72
E05000506,00BCGK,Redbridge,Hainault,Ward,78.6,83.5,31520,65.1,7.793614138,70.49939022,4.98
E05000507,00BCGL,Redbridge,Loxford,Ward,76.1,81.7,28500,53.5,7.842634363,34.823706,69.81
E05000508,00BCGM,Redbridge,Mayfield,Ward,81.4,83.6,35630,63.5,7.842634363,42.51464988,36.9
E05000509,00BCGN,Redbridge,Monkhams,Ward,82.1,84.9,48780,76.2,7.793614138,58.68280965,0
E05000510,00BCGP,Redbridge,Newbury,Ward,82.2,87.1,35550,63.2,7.755007322,39.40652652,0.36
E05000511,00BCGQ,Redbridge,Roding,Ward,81.6,86.7,41040,73.8,7.793614138,,0
E05000512,00BCGR,Redbridge,Seven Kings,Ward,79.7,84,34480,60.1,7.755007322,36.38558973,2.68
E05000513,00BCGS,Redbridge,Snaresbrook,Ward,80.2,85.1,45160,78.1,7.793614138,,8.64
E05000514,00BCGT,Redbridge,Valentines,Ward,79.2,85,34900,60.6,7.842634363,43.73285208,6.1
E05000515,00BCGU,Redbridge,Wanstead,Ward,81,86.8,46370,74.5,7.793614138,,19.65
E05000516,00BDFW,Richmond upon Thames,Barnes,Ward,84.1,86.5,55450,72.3,7.619581754,44.23678772,55.23
E05000517,00BDFX,Richmond upon Thames,East Sheen,Ward,84.8,89.5,56090,78.2,7.619581754,81.30005994,25.22
E05000518,00BDFY,Richmond upon Thames,Fulwell and Hampton Hill,Ward,81.6,83.7,48810,79.6,7.535541275,49.37131803,59.54
E05000519,00BDFZ,Richmond upon Thames,Ham Petersham and Richmond Riverside,Ward,80.2,86.9,44870,73.4,7.619581754,,
E05000520,00BDGA,Richmond upon Thames,Hampton,Ward,80.6,83.6,46750,77.2,7.535541275,67.4489164,39.81
E05000521,00BDGB,Richmond upon Thames,Hampton North,Ward,79.1,86,39440,73.5,7.535541275,48.41002338,54.72
E05000522,00BDGC,Richmond upon Thames,Hampton Wick,Ward,82,87,46760,73.1,7.535541275,54.02033572,82.1
E05000523,00BDGD,Richmond upon Thames,Heathfield,Ward,82.8,84.8,36950,70.8,7.520042539,46.72363792,18.72
E05000523,00BDGD,Richmond upon Thames,Heathfield,Ward,82.8,84.8,36950,70.8,7.520042539,46.72363792,68.33
E05000524,00BDGE,Richmond upon Thames,Kew,Ward,84.8,87.8,52130,77.1,7.619581754,56.43696866,55.18
E05000525,00BDGF,Richmond upon Thames,Mortlake and Barnes Common,Ward,83.3,86.8,50100,77.9,7.619581754,44.46883965,93.47
E05000526,00BDGG,Richmond upon Thames,North Richmond,Ward,83.1,87.3,50860,78.4,7.619581754,58.32645417,44.57
E05000527,00BDGH,Richmond upon Thames,St Margarets and North Twickenham,Ward,87.2,86.6,52870,80.8,7.520042539,,
E05000528,00BDGJ,Richmond upon Thames,South Richmond,Ward,82.5,85.4,52690,76,7.619581754,59.14944958,40.78
E05000529,00BDGK,Richmond upon Thames,South Twickenham,Ward,83.1,88.2,51380,76.8,7.520042539,43.057058,64.81
E05000530,00BDGL,Richmond upon Thames,Teddington,Ward,81.2,85.3,50600,79.9,7.535541275,70.62335764,48.92
E05000531,00BDGM,Richmond upon Thames,Twickenham Riverside,Ward,81.3,83.8,51350,80.7,7.520042539,44.31834809,44.21
E05000532,00BDGN,Richmond upon Thames,West Twickenham,Ward,79.6,88.4,45040,79.5,7.520042539,60.97612851,91.78
E05000533,00BDGP,Richmond upon Thames,Whitton,Ward,80.8,85.7,42230,76.5,7.520042539,38.93643611,57.69
E05000534,00BEGC,Southwark,Brunswick Park,Ward,77.7,84.8,36310,66.8,7.660313901,46.7592725,26.69
E05000534,00BEGC,Southwark,Brunswick Park,Ward,77.7,84.8,36310,66.8,7.660313901,46.7592725,73.93
E05000535,00BEGD,Southwark,Camberwell Green,Ward,74.4,81.3,31840,64.6,7.660313901,21.9939027,45.88
E05000536,00BEGE,Southwark,Cathedrals,Ward,77,83.1,40430,62.9,7.711332405,,83.51
E05000537,00BEGF,Southwark,Chaucer,Ward,79.6,83.5,37780,66.4,7.711332405,29.65191588,64.58
E05000538,00BEGG,Southwark,College,Ward,80.2,86.6,42600,71.1,7.660313901,,86.07
E05000539,00BEGH,Southwark,East Dulwich,Ward,79.7,84.3,48670,79.2,7.660313901,,42.47
E05000540,00BEGJ,Southwark,East Walworth,Ward,79.1,82.9,31010,62.5,7.711332405,,88.49
E05000541,00BEGK,Southwark,Faraday,Ward,78.7,84.6,30760,62.3,7.711332405,47.1730263,73.86
E05000542,00BEGL,Southwark,Grange,Ward,75.6,82.7,38500,69.1,8.035989319,54.20968859,34.91
E05000542,00BEGL,Southwark,Grange,Ward,75.6,82.7,38500,69.1,8.035989319,54.20968859,55.11
E05000543,00BEGM,Southwark,Livesey,Ward,78.1,85.3,28880,60.3,7.604269317,,40.3
E05000544,00BEGN,Southwark,Newington,Ward,79.2,83.1,34190,66.3,7.711332405,33.53129684,66.5
E05000545,00BEGP,Southwark,Nunhead,Ward,76.1,78.8,33540,65,7.604269317,,42.49
E05000546,00BEGQ,Southwark,Peckham,Ward,76,81.5,30030,61.2,7.604269317,22.07884765,93.82
E05000547,00BEGR,Southwark,Peckham Rye,Ward,80.1,83.7,42820,74.9,7.604269317,65.51412606,46.47
E05000548,00BEGS,Southwark,Riverside,Ward,79.3,84.4,43110,74.9,8.035989319,,67.7
E05000549,00BEGT,Southwark,Rotherhithe,Ward,78.2,83.4,36970,69.3,8.035989319,38.27248225,66.28
E05000550,00BEGU,Southwark,South Bermondsey,Ward,78.4,85,31150,64.8,8.035989319,26.2808033,0.88
E05000551,00BEGW,Southwark,South Camberwell,Ward,80.1,87,41130,70.7,7.660313901,,59.66
E05000552,00BEGX,Southwark,Surrey Docks,Ward,78.8,82.4,45410,77.7,8.035989319,24.47298285,92.58
E05000553,00BEGY,Southwark,The Lane,Ward,79,83.4,37940,68.9,7.604269317,,48.63
E05000554,00BEGZ,Southwark,Village,Ward,85.4,86.9,58400,77.2,7.660313901,54.27852519,25.38
E05000554,00BEGZ,Southwark,Village,Ward,85.4,86.9,58400,77.2,7.660313901,54.27852519,49.58
E05000554,00BEGZ,Southwark,Village,Ward,85.4,86.9,58400,77.2,7.660313901,54.27852519,39.92
E05000554,00BEGZ,Southwark,Village,Ward,85.4,86.9,58400,77.2,7.660313901,76.35589392,25.38
E05000554,00BEGZ,Southwark,Village,Ward,85.4,86.9,58400,77.2,7.660313901,76.35589392,49.58
E05000554,00BEGZ,Southwark,Village,Ward,85.4,86.9,58400,77.2,7.660313901,76.35589392,39.92
E05000555,00BFGC,Sutton,Beddington North,Ward,80.8,86,39290,77.2,7.816575778,36.29039747,57.34
E05000556,00BFGD,Sutton,Beddington South,Ward,80,84.2,35600,69.1,7.816575778,57.02790125,41.58
E05000557,00BFGE,Sutton,Belmont,Ward,81,84.6,44260,76.2,7.790517773,43.58191067,67.83
E05000557,00BFGE,Sutton,Belmont,Ward,81,84.6,44260,76.2,7.790517773,43.58191067,36.25
E05000557,00BFGE,Sutton,Belmont,Ward,81,84.6,44260,76.2,7.790517773,50.22710933,67.83
E05000557,00BFGE,Sutton,Belmont,Ward,81,84.6,44260,76.2,7.790517773,50.22710933,36.25
E05000558,00BFGF,Sutton,Carshalton Central,Ward,83.2,85.1,42200,78.6,7.816575778,47.5112617,38.43
E05000559,00BFGG,Sutton,Carshalton South and Clockhouse,Ward,81.6,83.7,44270,76.5,7.816575778,78.7283843,5.21
E05000560,00BFGH,Sutton,Cheam,Ward,82.3,83.6,46220,76.4,7.790517773,57.95915268,40.27
E05000561,00BFGJ,Sutton,Nonsuch,Ward,83.9,87.2,42640,79.1,7.837881964,41.49412894,11.4
E05000562,00BFGK,Sutton,St Helier,Ward,78.3,83.6,31040,69.6,7.837881964,,
E05000563,00BFGL,Sutton,Stonecot,Ward,80.3,82.6,39210,77.9,7.837881964,37.49469844,42.02
E05000564,00BFGM,Sutton,Sutton Central,Ward,80.2,82.7,35660,75.6,7.790517773,22.35209522,38.54
E05000565,00BFGN,Sutton,Sutton North,Ward,81.7,83.8,38060,75.6,7.790517773,43.66519476,25.78
E05000566,00BFGP,Sutton,Sutton South,Ward,79.3,80.9,40460,78.1,7.790517773,41.72654311,20.09
E05000567,00BFGQ,Sutton,Sutton West,Ward,80.9,82.7,41610,79.3,7.790517773,44.62572627,25.88
E05000568,00BFGR,Sutton,The Wrythe,Ward,78.3,83,36790,77.5,7.837881964,36.23553968,42.06
E05000569,00BFGS,Sutton,Wallington North,Ward,80.5,83,38710,76.8,7.816575778,41.72367646,55.4
E05000570,00BFGT,Sutton,Wallington South,Ward,79.1,85.2,37960,74.2,7.816575778,40.46786926,0.95
E05000571,00BFGU,Sutton,Wandle Valley,Ward,78.6,80.6,32330,72,7.837881964,49.94392151,58.15
E05000572,00BFGW,Sutton,Worcester Park,Ward,81.9,86.9,40610,78.9,7.837881964,42.51080011,21.48
E05000573,00BGFW,Tower Hamlets,Bethnal Green North,Ward,75.1,83.1,36230,64.6,7.834292413,,58.4
E05000574,00BGFX,Tower Hamlets,Bethnal Green South,Ward,77.2,82.4,32860,55.9,7.834292413,,84.02
E05000575,00BGFY,Tower Hamlets,Blackwall and Cubitt Town,Ward,80.2,84.7,43330,70.8,8.423185776,,85.9
E05000576,00BGFZ,Tower Hamlets,Bow East,Ward,77.8,84.1,36800,68.9,7.727915624,39.04259034,74.29
E05000577,00BGGA,Tower Hamlets,Bow West,Ward,79,83.1,41000,66.3,7.727915624,52.60257869,61.02
E05000578,00BGGB,Tower Hamlets,Bromley-by-Bow,Ward,80.4,82.4,31980,55.1,7.727915624,,99.91
E05000579,00BGGC,Tower Hamlets,East India and Lansbury,Ward,76.6,80.2,29680,52.9,8.423185776,,92.99
E05000580,00BGGD,Tower Hamlets,Limehouse,Ward,76.6,80,36260,64,8.423185776,17.95080535,99.17
E05000581,00BGGE,Tower Hamlets,Mile End and Globe Town,Ward,76.2,80.5,34300,55.4,7.834292413,,69.35
E05000582,00BGGF,Tower Hamlets,Mile End East,Ward,77.8,82.3,32510,56.1,7.727915624,,98.58
E05000583,00BGGG,Tower Hamlets,Millwall,Ward,82.5,84,46940,73.6,8.423185776,,87.63
E05000584,00BGGH,Tower Hamlets,St Dunstans and Stepney Green,Ward,76.6,80.9,32930,55.4,8.076467392,,
E05000585,00BGGJ,Tower Hamlets,St Katherines and Wapping,Ward,79.7,84.2,50770,76.5,8.076467392,,
E05000586,00BGGK,Tower Hamlets,Shadwell,Ward,78.1,86.5,36360,60.7,8.076467392,20.66679019,86.4
E05000587,00BGGL,Tower Hamlets,Spitalfields and Banglatown,Ward,77.4,83.6,39910,60.9,7.834292413,,80.08
E05000588,00BGGM,Tower Hamlets,Weavers,Ward,75.4,83.7,37760,67,7.834292413,28.03964537,89.16
E05000589,00BGGN,Tower Hamlets,Whitechapel,Ward,74.3,79.1,37600,65,8.076467392,13.91774637,75.94
E05000590,00BHFX,Waltham Forest,Cann Hall,Ward,77.4,82.7,32700,63.8,7.744466109,26.03510091,14.94
E05000591,00BHFY,Waltham Forest,Cathall,Ward,81.1,82.6,30950,62.7,7.744466109,35.06726514,49.41
E05000592,00BHFZ,Waltham Forest,Chapel End,Ward,81.5,84.4,36440,68.9,7.770076841,45.19283539,20.55
E05000593,00BHGA,Waltham Forest,Chingford Green,Ward,80.3,84.1,39280,73.4,7.770076841,68.06882014,51.76
E05000594,00BHGB,Waltham Forest,Endlebury,Ward,82.8,89.4,38580,70.4,7.770076841,46.96543566,61.34
E05000595,00BHGC,Waltham Forest,Forest,Ward,79.4,83.1,36080,65.2,7.744466109,50.39596741,16.61
E05000596,00BHGD,Waltham Forest,Grove Green,Ward,83.4,85.6,36350,70.3,7.744466109,24.57722533,4.63
E05000597,00BHGE,Waltham Forest,Hale End and Highams Park,Ward,79.3,87,39490,71.1,7.770076841,59.16977781,42.97
E05000598,00BHGF,Waltham Forest,Hatch Lane,Ward,78.8,81.5,36110,69.9,7.770076841,56.58799002,57.81
E05000599,00BHGG,Waltham Forest,High Street,Ward,79.2,83.3,34810,69.4,7.766306459,33.22303203,2.09
E05000600,00BHGH,Waltham Forest,Higham Hill,Ward,80,81.8,31270,62.6,7.766306459,32.52123883,19.6
E05000601,00BHGJ,Waltham Forest,Hoe Street,Ward,77.1,82.1,34890,66.1,7.766306459,34.11932738,22.29
E05000602,00BHGK,Waltham Forest,Larkswood,Ward,79.3,84.3,35170,69.6,7.770076841,51.07390508,30.49
E05000603,00BHGL,Waltham Forest,Lea Bridge,Ward,75.7,80.7,31450,62.8,7.744466109,42.37988738,41.97
E05000603,00BHGL,Waltham Forest,Lea Bridge,Ward,75.7,80.7,31450,62.8,7.744466109,43.99547577,41.97
E05000604,00BHGM,Waltham Forest,Leyton,Ward,78.8,83.3,31040,61.5,7.744466109,33.87744397,76.39
E05000605,00BHGN,Waltham Forest,Leytonstone,Ward,82.7,81.5,38700,70.3,7.744466109,34.17056329,17.03
E05000606,00BHGP,Waltham Forest,Markhouse,Ward,80.3,83.5,33780,64.2,7.766306459,38.72901831,49.18
E05000607,00BHGQ,Waltham Forest,Valley,Ward,80.4,86,34250,68.1,7.770076841,37.58832223,20.2
E05000608,00BHGR,Waltham Forest,William Morris,Ward,78.3,83.7,35070,68.1,7.766306459,27.60255681,34.9
E05000609,00BHGS,Waltham Forest,Wood Street,Ward,78,85,35130,66.2,7.766306459,52.67498083,4.48
E05000610,00BJFZ,Wandsworth,Balham,Ward,82.5,85.6,53420,83,7.450091055,26.83097608,53.85
E05000611,00BJGA,Wandsworth,Bedford,Ward,78.1,82.9,46410,80,7.614592821,53.36892063,48.96
E05000612,00BJGB,Wandsworth,Earlsfield,Ward,79.3,85,44360,79,7.614592821,25.52853759,85.31
E05000613,00BJGC,Wandsworth,East Putney,Ward,80.8,86.6,49010,81.7,7.990104503,37.51968575,60
E05000614,00BJGD,Wandsworth,Fairfield,Ward,79.8,82.2,48590,83.9,7.990104503,12.1867198,21.41
E05000614,00BJGD,Wandsworth,Fairfield,Ward,79.8,82.2,48590,83.9,7.990104503,12.1867198,81.36
E05000614,00BJGD,Wandsworth,Fairfield,Ward,79.8,82.2,48590,83.9,7.990104503,17.97641325,21.41
E05000614,00BJGD,Wandsworth,Fairfield,Ward,79.8,82.2,48590,83.9,7.990104503,17.97641325,81.36
E05000615,00BJGE,Wandsworth,Furzedown,Ward,80.9,83.9,38240,70.6,7.614592821,37.74666487,40.98
E05000616,00BJGF,Wandsworth,Graveney,Ward,79.6,85,37960,72.6,7.614592821,28.31860374,37.65
E05000616,00BJGF,Wandsworth,Graveney,Ward,79.6,85,37960,72.6,7.614592821,28.31860374,78.4
E05000616,00BJGF,Wandsworth,Graveney,Ward,79.6,85,37960,72.6,7.614592821,20.53162546,37.65
E05000616,00BJGF,Wandsworth,Graveney,Ward,79.6,85,37960,72.6,7.614592821,20.53162546,78.4
E05000617,00BJGG,Wandsworth,Latchmere,Ward,77.1,84,34990,70.6,7.450091055,28.25103312,29.81
E05000618,00BJGH,Wandsworth,Nightingale,Ward,78.3,80.9,50790,81.3,7.614592821,27.52809759,68.41
E05000619,00BJGJ,Wandsworth,Northcote,Ward,83.9,87.9,55810,83.9,7.450091055,41.20741631,43.58
E05000620,00BJGK,Wandsworth,Queenstown,Ward,78.5,85.8,39580,75.4,7.450091055,26.64309941,40.78
E05000621,00BJGL,Wandsworth,Roehampton,Ward,77.3,82.2,30320,59.8,7.990104503,,
E05000622,00BJGM,Wandsworth,St Marys Park,Ward,76.7,81.3,44720,77.4,7.450091055,,
E05000623,00BJGN,Wandsworth,Shaftesbury,Ward,79.1,86.9,50410,83,7.450091055,14.93383364,20.66
E05000624,00BJGP,Wandsworth,Southfields,Ward,81.2,85.2,48160,80.9,7.990104503,28.94177135,72.76
E05000625,00BJGQ,Wandsworth,Thamesfield,Ward,82.6,89.2,55380,83.4,7.990104503,29.24591315,64.53
E05000626,00BJGR,Wandsworth,Tooting,Ward,79.1,83.8,36000,67.7,7.614592821,36.72934288,84.2
E05000627,00BJGS,Wandsworth,Wandsworth Common,Ward,80.5,82.6,51420,71,7.614592821,56.06795834,79.06
E05000628,00BJGT,Wandsworth,West Hill,Ward,77.8,81.8,40360,73.1,7.990104503,49.76743859,87.27
E05000629,00BJGU,Wandsworth,West Putney,Ward,78.9,82.2,43280,72.6,7.990104503,41.65368809,77.03
E05000630,00BKGA,"Westminster, City of",Abbey Road,Ward,86.5,88.7,52200,67.9,7.993658329,41.14912613,16.64
E05000631,00BKGB,"Westminster, City of",Bayswater,Ward,83.2,85.3,49960,73.9,7.934761553,21.83147549,6.44
E05000632,00BKGC,"Westminster, City of",Bryanston and Dorset Square,Ward,85.3,85.5,51370,66.6,7.934761553,8.568266956,30.19
E05000633,00BKGD,"Westminster, City of",Churchill,Ward,80.5,86.5,39530,63.4,8.006510978,14.91872304,63.24
E05000634,00BKGE,"Westminster, City of",Church Street,Ward,79.2,83.4,26290,48.7,7.993658329,19.37338994,51.69
E05000635,00BKGF,"Westminster, City of",Harrow Road,Ward,77.9,85,35000,63.4,7.993658329,20.55271322,31.16
E05000636,00BKGG,"Westminster, City of",Hyde Park,Ward,81.2,85.8,46880,62.4,7.934761553,15.5517557,36.3
E05000637,00BKGH,"Westminster, City of",Knightsbridge and Belgravia,Ward,89.3,93.1,88330,56.5,8.006510978,59.96363997,36.33
E05000638,00BKGJ,"Westminster, City of",Lancaster Gate,Ward,84.3,86.5,49290,71.2,7.934761553,21.27550653,1.86
E05000639,00BKGK,"Westminster, City of",Little Venice,Ward,82.1,87.1,48770,69.4,7.993658329,37.15388174,70.41
E05000640,00BKGL,"Westminster, City of",Maida Vale,Ward,81.5,85.6,45660,70.4,7.993658329,45.43618565,23.58
E05000641,00BKGM,"Westminster, City of",Marylebone High Street,Ward,84.6,87,58370,71.4,7.934761553,10.93702496,4.46
E05000642,00BKGN,"Westminster, City of",Queens Park,Ward,78.2,83.1,32260,59,7.993658329,39.45882155,28.6
E05000643,00BKGP,"Westminster, City of",Regents Park,Ward,83.3,87.5,46510,62.4,7.993658329,,
E05000644,00BKGQ,"Westminster, City of",St Jamess,Ward,85.1,87,52520,67.7,8.006510978,,
E05000645,00BKGR,"Westminster, City of",Tachbrook,Ward,83.3,84.2,47340,75.2,8.006510978,19.67552363,90.84
E05000646,00BKGS,"Westminster, City of",Vincent Square,Ward,80.1,84.7,46550,69,8.006510978,16.85586253,92.56
E05000647,00BKGT,"Westminster, City of",Warwick,Ward,81.1,87.9,50250,73.8,8.006510978,11.1444578,3.78
E05000648,00BKGU,"Westminster, City of",Westbourne,Ward,75.3,80.7,32390,59,7.993658329,29.44153035,72.76
E05000649,00BKGW,"Westminster, City of",West End,Ward,81.7,84.9,54970,71.3,8.006510978,5.732626034,39.68
